{"cameraMode":{"drawMode":0,"name":"Shaded","section":"Shading Mode"},"sceneLighting":true,"audioPlay":false,"sceneViewState":{"showFog":true,"showMaterialUpdate":true,"showSkybox":true,"showFlares":true,"showImageEffects":true,"showParticleSystems":true},"in2DMode":false,"pivot":{"x":3.4225680828094484,"y":-4.946254730224609,"z":0.5031623840332031},"rotation":{"x":-0.2958064079284668,"y":0.007734695449471474,"z":-0.0023952501360327007,"w":-0.9552138447761536},"size":50.59159469604492,"orthographic":false}